{"SVM_linear_svc": {"average_accuracy": [0.874481201171875, 0.825897216796875], "average_precision": [0.8909215763829657, 0.8436277299798173], "average_precision_0": [0.8879937093450239, 0.8378642344971764], "average_precision_1": [0.8938494434209073, 0.8493912254624582]}}